Names,Reviews,Price,Brand,Processor,Storage_GB,Ram_GB
"Apple 2025 MacBook Air (13-inch, Apple M4 chip with 10-core CPU and 8-core GPU, 16GB Unified Memory, 256GB) - Silver",4.2,99900,Apple,Apple M4,256,16
"Apple 2024 MacBook Air (13-inch, Apple M3 chip with 8‑core CPU and 8‑core GPU, 16GB Unified Memory, 256GB) - Midnight",4.7,98990,Apple,Apple M3,256,16
"Lenovo IdeaPad Slim 3, Intel Core i5-12450H, 12th Gen, 16GB RAM, 512GB SSD, FHD, 14""/35.5cm, Windows 11, MS Office Home 2024, Grey, 1.37Kg, 83EQ0072IN, Alexa Built-in, 3 mon. Game Pass Laptop",3.9,49990,Lenovo,Unknown,512,16
"ASUS TUF Gaming A15, 15.6"" (39.62cm) FHD 16:9 144Hz, AMD Ryzen 7 7435HS, Gaming Laptop (16 DDR5/512GB SSD/NVIDIA GeForce RTX 2050/Windows 11 Home/Graphite Black/2.30 Kg), FA506NFR-HN045W",3.9,58990,ASUS,Ryzen 7 7435HS,512,12
"Lenovo V15 AMD Ryzen 3 7320U 15.6"" (39.62cm) FHD 250 Nits Antiglare Thin and Light Laptop (8GB/512GB SSD/Windows 11 Home/Arctic Grey/1.63 Kg), 83CQ000XIN",3.0,25990,Lenovo,Ryzen 3 7320U,512,8
"ASUS TUF Gaming A15, AMD Ryzen 7 7435HS Gaming Laptop(NVIDIA RTX 3050-4GB/60W TGP/16GB RAM/512GB SSD/FHD/15.6""/144Hz/RGB KB/48WHr/Windows 11//Graphite Black/2.30 Kg) FA506NCR-HN054W",3.9,64400,ASUS,Ryzen 7 7435HS,512,4
"Acer Aspire 3 Spin 14, Intel Core i3-N305, 8GB RAM, 512GB SSD, WUXGA 14"", Touchscreen 2-in-1, Windows 11 Home, MS Office, Obsidian Black, 1.54KG, A3SP14-31PT, AES Pen Solution Laptop",4.2,41840,Acer,Unknown,512,8
"Lenovo V15 G4 AMD Ryzen 5 7520U 15.6 inch FHD Thin & Lite Laptop, AMD Graphics, 16GB DDR5 5500Mhz Ram, 512GB SSD NVMe, Windows 11, Dolby Audio, Arctic Grey, 1 Year Onsite Brand Warranty",4.5,34990,Lenovo,Ryzen 5 7520U,512,16
"ACER One 14 AMD Ryzen 3 Dual Core 3250U - (8 GB/512 GB SSD/Windows 11 Home) Z2-493 Thin and Light Laptop (14 inch HD Display, Silver, 1.5 Kg) 2 Years Brand Warranty",5.0,22990,ACER,Unknown,0,0
"HP 15s,12th Gen Intel Core i3-1215U, 8GB DDR4, 512 GB SSD(Win 11, Office 21, Silver, 1.69kg), Anti-Glare, 15.6inch(39.6Cm), FHD Laptop, Intel UHD Graphics, Dual Speakers, HD Camera, fy5006tu",4.1,34990,HP,Unknown,0,8
"Apple 2024 MacBook Pro Laptop with M4 chip with 10‑core CPU and 10‑core GPU: Built for Apple Intelligence, (14.2″) Liquid Retina XDR Display, 14GB Unified Memory, 1TB SSD Storage; Space Black",5.0,201990,Apple,Unknown,1,14
"Apple 2025 MacBook Air (15-inch, Apple M4 chip with 10-core CPU and 10-core GPU, 24GB Unified Memory, 512GB) - Starlight",5.0,164900,Apple,Apple M4,512,24
"HP Pavilion 14, 12th Gen Intel Core i7-1255U, 16GB DDR4, 1TB SSD, (Win11, Office21, Silver,1.41 kg), IPS, Micro-edge, BrightView,14-inch (35.6cm) FHD Laptop, Intel Iris Xe graphics, HD camera,dv2015TU",4.0,75990,HP,Unknown,1,16
"ASUS Vivobook Go 14, AMD Ryzen 3 7320U, 8GB RAM, 512GB SSD, FHD, 14""/35.56cm, Windows 11, Office 2021, Black, 1.38KG, E1404FA-NK325WS, 42WHr, Thin and Light Laptop",4.0,29990,ASUS,Ryzen 3 7320U,512,8
"Acer Aspire Lite, AMD Ryzen 5 5625U Processor(16GB RAM/512GB SSD) Full HD, 15.6""/39.62cm, Windows 11 Home, Steel Gray, 1.59KG, AL15-41, Premium Metal Body, Thin and Light Laptop",4.0,34490,Acer,Ryzen 5 5625U,512,16
"Acer Aspire 3, Intel Celeron N4500 Processor(8GBRAM /512GB SSD) HD, 15.6""/39.62cm, Windows 11 Home, Pure Silver, 1.5KG, A325-45 Thin and Light Laptop",3.4,22990,Acer,Unknown,512,8
"ASUS Vivobook 15, Intel Core i3-1215U, 8GB RAM, 512GB SSD, FHD 16:9 60Hz 250nits, 15.6""/39.6cm, Windows 11 Home, Office 2021, Cool Silver, 1.7KG, X1504ZA-NJ320WS, Intel UHD Graphics, Backlit Laptop",3.8,32990,ASUS,Unknown,512,8
"Acer One 11 Intel Celeron N4500 (Windows 11 Home/ 8 GB/ 256 GB SSD) 29.64 cm (11.6"") Anti Glare HD Laptop, Z8-284, 1.1 KG, Deep Blue",3.1,17990,Acer,Unknown,0,0
"Lenovo IdeaPad 3, Intel Core i3-1215U, 12th Gen, 8GB RAM, 512GB SSD, FHD, 14""/35.5cm, Windows 11, MSOffice 2021, Arctic Grey, 1.43Kg, 82RJ00FUIN, 1 Year Warranty, 3months Game Pass, Thin& Light Laptop",3.9,33550,Lenovo,Unknown,512,8
"HP 255 G10 AMD Ryzen 5 Quad Core 7520U 2.8Ghz Upto 4.3Ghz - (8 GB/512 GB SSD) 255 G10 Thin and Light Laptop (15.6 inch, Matt Silver, 1.45 kg)",2.8,29475,HP,Unknown,0,0
"2022 Apple MacBook Air Laptop with M2 chip: 13.6-inch Liquid Retina Display, 16GB RAM, 256GB SSD Storage, Backlit Keyboard, 1080p FaceTime HD Camera. Works with iPhone and iPad; Starlight",5.0,79990,2022,Unknown,256,16
"2022 Apple MacBook Air Laptop with M2 chip: 13.6-inch Liquid Retina Display, 16GB RAM, 256GB SSD Storage, Backlit Keyboard, 1080p FaceTime HD Camera. Works with iPhone and iPad; Space Gray",3.3,88990,2022,Unknown,256,16
"Apple 2024 MacBook Air (13-inch, Apple M3 chip with 8‑core CPU and 8‑core GPU, 16GB Unified Memory, 256GB) - Midnight",4.7,98990,Apple,Apple M3,256,16
"Apple 2025 MacBook Air (13-inch, Apple M4 chip with 10-core CPU and 8-core GPU, 16GB Unified Memory, 256GB) - Midnight",4.2,99900,Apple,Apple M4,256,16
"Acer ALG Intel Core i5-13th Gen 13420H Processor, NVIDIA GeForce RTX 3050-6GB DDR6(16 GB RAM/512GB SSD) FHD, 15.6""/39.62cm, 144Hz,Windows 11 Home, Steel Gray, 1.99kg, AL15G-53, Gaming Laptop",4.0,63999,Acer,Unknown,512,6
"Apple MacBook Air Laptop: Apple M1 chip, 13.3-inch/33.74 cm Retina Display, 8GB RAM, 256GB SSD Storage, Backlit Keyboard, FaceTime HD Camera, Touch ID. Works with iPhone/iPad; Space Grey",4.6,60990,Apple,Apple M1,256,8
"ASUS Vivobook Go 15 (2023), AMD Ryzen 5 7520U, 16GB RAM, 512GB SSD, FHD, 15.6""/39.62cm, Windows 11, MS Office 2021, Mixed Black, 1.63KG, E1504FA-NJ542WS, Alexa Built-in, Thin & Light Laptop",3.9,40990,ASUS,Ryzen 5 7520U,512,16
"ASUS VivoBook 15 (2022), Intel Core i3-1215U, 12th Gen, 8GB RAM, 512GB SSD, FHD, 15.6""/39.62cm, Windows 11, MS Office 2021, Icelight Silver, 1.7KG, X1502ZA-EJ322WS, Backlit KB Laptop",3.9,32790,ASUS,Unknown,512,8
"Lenovo IdeaPad Pro 5, Intel Core Ultra 9 185H, 32GB RAM, 1TB SSD, 2.8K-OLED 400Nits 120Hz, 14""/35.5cm, Windows 11, MS Office 21, Grey, 1.4Kg, 83D2001GIN,IntelArc GPU, FHD+IRCam, AI Powered Laptop",4.2,109990,Lenovo,Unknown,1,32
"JioBook 11 with Lifetime Office/Android 4G Laptop Mediatek 8788 (JioOS) / Octa-core/ 4GB RAM / 64 eMMC Storage/Thin and Light Laptop (11.6 inch, 990 Grams)/ Dual Band WiFi + SIM/Blue",3.0,12990,JioBook,Unknown,0,4
"4G, 2024(New, WiFi+4G) Android Based MediaTek MT8788 - (PrimeOS) 4G SIM Slot, Thin and Light Laptop (11.6 Inch, 1.065 Kg, Type C, USB, HDMI, MicroSD) (4GB/64GB eMMC Storage, Black)",4.5,12990,"4G,",Unknown,0,4
HP Laptop 245 G9 AMD Ryzen 3 3250U Dual Core - (8GB/512GB SSD/AMD Radeon Graphics) Thin and Light Business Laptop/14 (35.56cm)/Silver/1.47 kg,3.4,24890,HP,Ryzen 3 3250U,512,8
"2022 Apple MacBook Air Laptop with M2 chip: 13.6-inch Liquid Retina Display, 16GB RAM, 256GB SSD Storage, Backlit Keyboard, 1080p FaceTime HD Camera. Works with iPhone and iPad; Starlight",5.0,79990,2022,Unknown,256,16
"Apple 2025 MacBook Air (15-inch, Apple M4 chip with 10-core CPU and 10-core GPU, 24GB Unified Memory, 512GB) - Silver",5.0,164900,Apple,Apple M4,512,24
"Lenovo V15 Intel Celeron N4500 15.6"" (39.62 cm) FHD (1920x1080) Antiglare 250 Nits Thin and Light Laptop (8GB RAM/256GB SSD/Windows 11 Home/Black/1Y Onsite/1.7 kg), 82QYA00MIN",3.9,21990,Lenovo,Unknown,256,8
"Lenovo IdeaPad Slim 3 13th Gen Intel Core i7-13620H 15.6"" (39.62cm) FHDIPS300 Nits Thin&Light Laptop (16GB/512GB SSD/Intel UHDGraphics/Win11/Office Home 2024/1YrADP Free/ARCTIC-Grey/1.6Kg), 83EM00GTIN",4.0,64490,Lenovo,Unknown,512,16
"Lenovo IdeaPad Slim 1 AMD Ryzen 5 5500U 15.6"" HD Thin and Light Laptop (16GB/512GB SSD/Integrated AMD Graphics/Windows 11 Home/MSO 21/1Yr ADP Free/Cloud Grey/1.61Kg), 82R400ERIN",4.0,36990,Lenovo,Ryzen 5 5500U,512,16
"HP Victus, AMD Ryzen 5 8645HS, 6GB RTX 3050 AI Gaming Laptop, 31 Tops (Upgradable 16GB DDR5, 512GB SSD), 144Hz, IPS, 300 nits, 15.6""/39.6cm, FHD, Win11,Office24,Microsoft365*, Blue, 2.29kg, fb3009AX",4.5,69990,HP,Ryzen 5 8645HS,512,6
"Lenovo Legion 7 Intel Core i9-14900HX 16"" (40.64cm) 3.2K IPS 430Nits 165Hz Gaming Laptop (32GB/1TB SSD/Win 11/Office 2021/NVIDIA RTX 4070 8GB/100% DCI-P3/3 Month Game Pass/Grey/2.24Kg), 83FD000XIN",4.4,209000,Lenovo,Unknown,1,32
"Ultimus PRO Intel Dual Core ~2.4GHz (4 GB/128 GB EMMC Storage/Windows 11 Home) NU14U3CNC43BN-MB Thin and Light Laptop (14 Inch, Gray, 1.2 kg)",3.7,10999,Ultimus,Unknown,0,0
"CHUWI CoreBook X Pro Laptop 12thGen i5-12450H Processor 15.6"" Laptop with 16GB DDR4 RAM and 512GB SSD, FHD Display, Backlit Keyboard, Windows 11, Gray, 3xUSB3.0,1xHDMI,SD Card Slot,3.5MM,Camera Switch",3.6,32990,CHUWI,Unknown,512,16
"Apple 2024 MacBook Pro Laptop with M4 Max chip with 14‑core CPU and 32‑core GPU: Built for Apple Intelligence, (14.2″) Liquid Retina XDR Display, 36GB Unified Memory, 1TB SSD Storage; Space Black",4.0,309990,Apple,Unknown,1,36
"HP 15, 13th Gen Intel Core i5-1334U (16GB DDR4, 512GB SSD) Microsoft365* Office2024, Win11, 15.6inch(39.6cm) FHD Laptop, Intel Iris Xe, FHD Camera w/Privacy Shutter, Backlit, Silver, 1.59kg, fd0467tu",3.7,58990,HP,Unknown,512,16
"Apple 2025 MacBook Air (13-inch, Apple M4 chip with 10-core CPU and 8-core GPU, 16GB Unified Memory, 256GB) - Midnight",4.2,99900,Apple,Apple M4,256,16
"Apple 2025 MacBook Air (15-inch, Apple M4 chip with 10-core CPU and 10-core GPU, 24GB Unified Memory, 512GB) - Starlight",5.0,164900,Apple,Apple M4,512,24
"ASUS Vivobook 15, 12th Gen, Intel Core i3-1215U,15.6"" FHD, Thin & Light Laptop(8GB/512GB/Integrated Intel UHD Graphics/Windows 11 Home/Office 2021/Backlit Keyboard/Cool Silver/1.7 Kg), X1504ZA-NJ322WS",3.6,32990,ASUS,Unknown,512,8
"HP 15, 13th Gen Intel Core i3-1315U, 8GB DDR4, 512GB SSD, (Win 11, Office 21, Grey, 1.59kg), Anti-Glare, Micro-Edge,15.6-inch(39.6cm), FHD Laptop, Intel UHD Graphics, 1080p FHD Camera, fd0006TU",4.1,38790,HP,Unknown,512,8
"HP Victus, AMD Ryzen 5 5600H, NVIDIA RTX 3050, 16GB DDR4, 512GB SSD (Win11, Office21, Blue, 2.37kg) 144Hz, 9MS, IPS, 15.6-inch(39.6cm) Gaming Laptop, Backlit kb, Enhanced Cooling, fb0106AX/Fb0112AX",4.1,62990,HP,Ryzen 5 5600H,512,16
"Acer [Smartchoice Aspire Lite AMD Ryzen 3 5300U Premium Thin and Light Laptop (Windows 11 Home/8 GB RAM/512 GB SSD) AL15-41 with 39.62 cm (15.6"") Full HD Display, Metal Body, Steel Gray, 1.6 KG",4.0,26990,Acer,Ryzen 3 5300U,0,0
"Apple MacBook Air Laptop with M2 chip: 34.46 cm (13.6-inch) Liquid Retina Display, 8GB RAM, 512GB SSD Storage, Backlit Keyboard, 1080p FaceTime HD Camera. Works with iPhone/iPad; Space Grey",4.5,83990,Apple,Unknown,512,8
"Lenovo IdeaPad Slim 3 13th Gen Core i7-13620H 15.3 inch (38.8cm) WUXGA IPS Laptop (16GB RAM/512GB SSD/Windows 11/Office Home 2024/Backlit Keyboard/1Yr ADP Free/3 Mon. Game Pass/Grey/1.6Kg), 83K100CJIN",,67990,Lenovo,Unknown,512,16
"2022 Apple MacBook Air Laptop with M2 chip: 13.6-inch Liquid Retina Display, 16GB RAM, 256GB SSD Storage, Backlit Keyboard, 1080p FaceTime HD Camera. Works with iPhone and iPad; Space Gray",3.3,88990,2022,Unknown,256,16
"Apple 2024 MacBook Air (13-inch, Apple M3 chip with 8‑core CPU and 8‑core GPU, 16GB Unified Memory, 256GB) - Midnight",4.7,98990,Apple,Apple M3,256,16
"Acer Aspire Lite AMD Ryzen 3 5300U Premium Thin and Light Laptop (Windows 11 Home/16 GB RAM/512 GB SSD) AL15-41 with 39.62 cm (15.6"") Full HD Display, Metal Body, Steel Gray, 1.6 KG",4.0,28990,Acer,Ryzen 3 5300U,0,0
"S 4G, 2024(New, WiFi+4G) Android Based MediaTek MT8788 - (PrimeOS) 4G SIM Slot, Thin and Light Laptop (11.6 Inch, 1.065 Kg, Type C, USB, HDMI, MicroSD) (4GB/128GB eMMC Storage, Black)",4.5,15490,S,Unknown,128,4
"Lenovo V15 AMD Ryzen 7 7730U 15.6"" (39.62cm) FHD 250 Nits Antiglare Thin and Light Laptop (16GB/512GB SSD/Windows 11/Iron Grey/1.65 Kg) Grey",4.0,40990,Lenovo,Ryzen 7 7730U,512,16
"HP 15 AMD Ryzen 3 7320U (8GB Ram/512GB SSD/Fhd/15.6"" (39.6 Cm)/Backlit Keyboard/Windows 11/Ms Office 21/1.59Kg/Silver) Fc0026Au Laptop",3.8,30890,HP,Ryzen 3 7320U,512,8
"HP 15, AMD Ryzen 5 7520U, 16GB DDR5, 512GB SSD, (Win 11, Office 21, Silver, 1.59kg), Anti-Glare, Micro-Edge, 15.6-inch(39.6cm), FHD Laptop, AMD Radeon Graphics, 1080p FHD Camera, Backlit KB, fc0156AU",3.4,41990,HP,Ryzen 5 7520U,512,16
"Samsung Galaxy Book4 (Silver, 16GB RAM, 512GB SSD) | 15.6"" Full HD Screen | Intel Core 5 120U Processor | Windows 11 Home | MS Office 2021 | Fingerprint Reader | Intel Iris XE Graphics | RJ45 LAN Port",4.3,52440,Samsung,Unknown,512,16
"Lenovo Legion 5 Intel Core i7-14650HX 16"" (40.64cm) WQXGA IPS 350Nits 165Hz Gaming Laptop (16GB/1TB SSD/Win 11/Office 2021/NVIDIA RTX 4070 8GB/100%sRGB/Alexa/3 Month Game Pass/Grey/2.3Kg), 83DG009DIN",4.8,166063,Lenovo,Unknown,1,16
"Acer Aspire 3 Laptop Intel Core Celeron N4500 Processor Laptop (8 GB LPDDR4X SDRAM/256 GB SSD/Win11 Home/38 WHR/HD Webcam) A324-45 with 35.56 cm (14"") HD Display, Pure Silver, 1.3 KG",3.4,21980,Acer,Unknown,0,0
"Dell (Smartchoice) Inspiron 13 Laptop with AI Enabled Intel Core Ultra 5 125H Processor,16GB LPDDR5X,512GB SSD,13.3"" (33.78cm) QHD+ Display,Backlit KB + FPR,Win 11+MSO'24,15 Month McAfee,Silver,1.24kg",,88820,Dell,Unknown,512,16
"Dell Inspiron 3530 Thin & Light Laptop, 13th Gen Intel Core i3-1305U Processor, 8GB, 512GB SSD, 15.6"" (39.62cm) FHD 120Hz 250nits, Standard Keyboard, Windows 11+MSO'21 & 15 Month McAfee, Black, 1.62kg",3.9,35990,Dell,Unknown,512,8
"Apple 2025 MacBook Air (13-inch, Apple M4 chip with 10-core CPU and 8-core GPU, 16GB Unified Memory, 256GB) - Midnight",4.4,99900,Apple,Apple M4,256,16
"Apple 2025 MacBook Air (15-inch, Apple M4 chip with 10-core CPU and 10-core GPU, 16GB Unified Memory, 256GB) - Silver",5.0,124900,Apple,Apple M4,256,16
"HP 15, 12th Gen Intel Core i5-1235U, 16GB DDR4, 512GB SSD, (Win 11, Office 21, Silver, 1.69kg), Anti-Glare, 15.6-inch(39.6cm) FHD Laptop, Intel Iris Xe Graphics, HD Camera, Backlit Keyboard, fy5009tu",4.0,50990,HP,Unknown,512,16
"ASUS Vivobook 15, Intel Core i3-1215U, 1.2 GHz, 16GB RAM, 512GB SSD, FHD 1920x1080, 15.6"", Windows 11, MS Office Home, Quiet Blue, 1.7KG, X1504ZA-NJ341WS, Integrated Graphics, Thin & Light Laptop",5.0,35990,ASUS,Unknown,512,16
"HP 15, AMD Ryzen 5 7520U, 16GB DDR5, 512GB SSD, (Win 11, Office 21, Silver, 1.59kg), Anti-Glare, Micro-Edge, 15.6-inch(39.6cm), FHD Laptop, AMD Radeon Graphics, 1080p FHD Camera, Backlit KB, fc0156AU",3.2,41990,HP,Ryzen 5 7520U,512,16
"ASUS Gaming V16 (2025) with Office 2024 + M365 Basic*, AI PC, Intel Core 7 240H(16GB RAM/512GB SSD/Windows 11 Home/6GB Graphics/RTX 4050/144 Hz)Gaming Laptop (16"", Matte Black,1.95 Kg),V3607VU-RP275WS",3.0,89990,ASUS,Unknown,512,16
"HP Victus, 13th Gen Intel Core i7-13620H, 8GB NVIDIA RTX 4060, 16GB DDR4, 1TB SSD (Win11, Office21, Mica Silver, 2.29kg), 144Hz, IPS, 15.6-inch(39.6cm), FHD Gaming Laptop, Enhanced Cooling, fa1333TX",3.4,91280,HP,Unknown,1,8
"ASUS TUF Gaming A15, 15.6"" FHD 16:9, 144Hz 250nits, AMD Ryzen 7 7435HS Processor, Gaming Laptop (16GB RAM/512GB SSD/RTX 4060/Win 11/Office Home/90WHr Battery/Mecha Gray/2.2 Kg),FA507NVR-LP104WS",4.2,94990,ASUS,Ryzen 7 7435HS,512,16
"Lenovo IdeaPad 3 12th Gen Intel Core i3-1215U 15 Inch (39.65cm) FHD Thin & Light Laptop (16GB/512GB SSD/Windows 11/Office 2021/1Yr ADP Free/3months Game Pass/Arctic Grey/1.63Kg), 82RK017RIN",4.1,34455,Lenovo,Unknown,512,16
"2022 Apple MacBook Air Laptop with M2 chip: 13.6-inch Liquid Retina Display, 16GB RAM, 256GB SSD Storage, Backlit Keyboard, 1080p FaceTime HD Camera. Works with iPhone and iPad; Midnight",4.7,76990,2022,Unknown,256,16
"2022 Apple MacBook Air Laptop with M2 chip: 13.6-inch Liquid Retina Display, 16GB RAM, 256GB SSD Storage, Backlit Keyboard, 1080p FaceTime HD Camera. Works with iPhone and iPad; Starlight",5.0,79990,2022,Unknown,256,16
"MSI Modern 14, Intel 13th Gen. i5-1335U, 36CM FHD 60Hz Laptop (8GB/512GB NVMe SSD/Windows 11 Home/Iris Xe Graphics/Classic Black/1.4Kg), C13M-437IN",3.4,37990,MSI,Unknown,512,8
"HP 15, 13th Gen Intel Core i7-1355U (16GB DDR4, 512GB SSD) Microsoft365* Office2024, Win11, 15.6inch(39.6cm) FHD Laptop, Intel Iris Xe, FHD Camera w/Privacy Shutter, Backlit, Silver, 1.59kg, fd0468tu",1.0,72419,HP,Unknown,512,16
"ASUS Vivobook Go 14, AMD Ryzen 5 7520U,Thin & Light (AMD Radeon iGPU/16GB RAM/512GB SSD/FHD/14/60Hz/42WHrs/Windows 11/M365 Basic (1Year)*/Office Home 2024/Cool Silver/1.38 kg) E1404FA-NK5541WS",4.4,41890,ASUS,Ryzen 5 7520U,512,16
"Dell 15 Thin & Light Laptop, Windows 11 Home, Intel Core i5-1235U Processor, 8GB RAM + 512GB SSD, 15.6"" FHD Window 11 + Mso '21, 15 Month Mcafee, Spill-Resistant Keyboard, Black, 1.66Kg",3.8,45990,Dell,Unknown,512,8
HP Firefly 16 inch Intel G11/BZ MB WS ZB/Firefly 16 G11/DSC U7-155H/32GB/1TB SSD/RTX A500 4GB/Win11 Pro 64/3 Year Warranty(A1VX4PT),5.0,141800,HP,Unknown,1,32
"Apple 2024 MacBook Pro Laptop with M4 Pro chip with 12‑core CPU and 16‑core GPU: Built for Apple Intelligence, (14.2″) Liquid Retina XDR Display, 24GB Unified Memory, 512GB SSD Storage; Space Black",5.0,191990,Apple,Unknown,512,24
"Lenovo IdeaPad Slim 3 13th Gen Intel Core i3 15.6"" (39.6cm) FHD Laptop (8GB/512GB SSD/Win 11/Office 2021/1 Year Warranty/Alexa Built-in/3 Month Game Pass/Arctic Grey/1.62Kg), 82X70034IN",5.0,37950,Lenovo,Unknown,512,8
"Apple 2025 MacBook Air (13-inch, Apple M4 chip with 10-core CPU and 8-core GPU, 16GB Unified Memory, 256GB) - Midnight",4.4,99900,Apple,Apple M4,256,16
"Apple 2024 MacBook Pro Laptop with M4 chip with 10‑core CPU and 10‑core GPU: Built for Apple Intelligence, (14.2″) Liquid Retina XDR Display, 14GB Unified Memory, 1TB SSD Storage; Space Black",5.0,201990,Apple,Unknown,1,14
HP Firefly 16 inch Intel G11/BZ MB WS ZB/Firefly 16 G11/DSC U7-155H/32GB/1TB SSD/RTX A500 4GB/Win11 Pro 64/3 Year Warranty(A1VX4PT),5.0,141800,HP,Unknown,1,32
Microsoft New Surface Laptop (7th Edition) - Windows 11 Home Copilot + PC - 13.8” LCD PixelSense Touchscreen - Qualcomm Snapdragon X Plus (10 Core) - 16GB RAM - 512GB SSD - Graphite - ZGM-00059,5.0,126990,Microsoft,Unknown,512,16
"Acer Aspire 3 Laptop Intel Core Celeron N4500 Processor Laptop (8 GB LPDDR4X SDRAM/256 GB SSD/Win11 Home/38 WHR/HD Webcam) A325-45 with 39.63 cm (15.6"") HD Display, Pure Silver, 1.5 KG",3.4,21990,Acer,Unknown,0,0
"HP 15S AMD Ryzen 5000 (16GB Ram/512GB SSD/Fhd/Windows 11/Ms Office 21/Backlit Keyboard/ 15.6"" (39.6 Cm)/Silver/2.21 Kg) Eq2305Au/Eq2182Au Laptop",4.0,44000,HP,Unknown,512,16
"Acer Aspire Lite, 12th Gen, Intel Core i5-12450H Processor(16 GB RAM/1 TB SSD) IPS FHD, 15.6""/ 39.6cm, Windows 11 Home, Pure Silver, 1.7 Kg, AL15-52H, Backlit Keyboard Laptop",,51990,Acer,Unknown,0,0
"HP 15, 12th Gen Intel Core i3 Laptop (8GB RAM, 512GB SSD), 15.6""/39.6cm, FHD, Windows 11, Silver, 1.59kg, Backlit Keyboard, fd0063TU",3.9,35990,HP,Unknown,512,8
"Apple 2025 MacBook Air (15-inch, Apple M4 chip with 10-core CPU and 10-core GPU, 16GB Unified Memory, 256GB) - Midnight",5.0,124900,Apple,Apple M4,256,16
"Apple 2024 MacBook Air 15″ Laptop with M3 chip: 38.91 cm (15.3″) Liquid Retina Display, 16GB Unified Memory, 256GB SSD Storage, Backlit Keyboard, 1080p FaceTime HD Camera, Touch ID- Space Grey",5.0,118990,Apple,Unknown,256,16
"Acer Aspire 3 Intel Core i3-1305U Processor Laptop with 35.56 cm (14"") Full HD LED-Backlit IPS Display (16 GB RAM/512 GB SSD/WiFi 6/Intel Graphics/Win11 Home/65W) A324-53, Steel Gray, 1.45KG",,33990,Acer,Unknown,0,0
"Dell Inspiron 3530 Thin & Light Laptop, 13th Gen Intel Core i3-1305U Processor, 8GB, 512GB SSD, 15.6"" (39.62cm) FHD 120Hz 250nits, Standard Keyboard, Windows 11+MSO'21 & 15 Month McAfee, Black, 1.62kg",3.9,36990,Dell,Unknown,512,8
"Acer Swift Go 14 Built-in AI PC Premium Laptop Intel Core Ultra 5 125H (14-inch OLED WUXGA/16GB LPDDR5X/512GB SSD/Intel Arc Graphics/1440p Camera with Shutter/Win11/MSO) SFG14-73, Pure Silver, 1.3 Kg",3.8,79990,Acer,Unknown,512,16
"HP Victus, 12th Gen Intel Core i5-12450H, NVIDIA RTX 3050, 16GB DDR4, 512GB SSD (Win11, Office21, Blue, 2.3kg) 144Hz, 9MS, IPS, 15.6-inch(39.6cm), Flicker-Free Gaming Laptop, Enhanced Cooling,fa0333TX",4.1,69982,HP,Unknown,512,16
"Apple 2025 MacBook Air (13-inch, Apple M4 chip with 10-core CPU and 8-core GPU, 16GB Unified Memory, 256GB) - Midnight",4.4,99900,Apple,Apple M4,256,16
"Apple 2025 MacBook Air (15-inch, Apple M4 chip with 10-core CPU and 10-core GPU, 24GB Unified Memory, 512GB) - Starlight",5.0,164900,Apple,Apple M4,512,24
"ASUS Vivobook 16X 12th Gen,Intel Core i5-12500H Creator/Gaming Laptop(NVIDIA RTX 2050-4GB/16GB/512GB/FHD+/16.0""/144Hz/Backlit KB/50WHr/Windows 11/Office 2021/Cool Silver/1.67 kg) K3605ZF-RP258WS",3.5,57990,ASUS,Unknown,512,4
"Lenovo V15 G4 (2024), AMD Ryzen 5 7520U Quad Core - (8GB/512GB SSD/AMD Radeon Graphics/Windows 11) Thin and Light Business Laptop/MS Office",3.7,32940,Lenovo,Ryzen 5 7520U,512,8
"Dell Inspiron 3530 13th Gen Laptop, Intel Core i3-1305U/8GB/512GB SSD/15.6"" (39.62cm) FHD WVA AG 120Hz 250 nits Narrow Border/Windows 11+MSO'21/McAfee 15 Month/Platinum Silver/1.62kg",3.9,36430,Dell,Unknown,512,8
"Acer ALG Intel Core i5-13th Gen 13420H Processor, NVIDIA GeForce RTX 3050-6GB DDR6(16 GB RAM/1 TB SSD) FHD, 15.6""/39.62cm,144Hz, Windows 11 Home, Steel Gray, 1.99kg, AL15G-53, Gaming Laptop",4.0,67999,Acer,Unknown,0,6
"ASUS Vivobook 16X 13th Gen,Intel Core i5-13420H Creator/Gaming Laptop(NVIDIA RTX 3050-4GB/16GB/512GB/FHD+/16.0""/144Hz/Windows 11/M365 Basic(1Year)*/Office Home 2024/Indie Black/1.67 kg)K3605VC-RP412WS",3.5,68990,ASUS,Unknown,512,4
"2022 Apple MacBook Air Laptop with M2 chip: 13.6-inch Liquid Retina Display, 16GB RAM, 256GB SSD Storage, Backlit Keyboard, 1080p FaceTime HD Camera. Works with iPhone and iPad; Midnight",4.7,76990,2022,Unknown,256,16
"2022 Apple MacBook Air Laptop with M2 chip: 13.6-inch Liquid Retina Display, 16GB RAM, 256GB SSD Storage, Backlit Keyboard, 1080p FaceTime HD Camera. Works with iPhone and iPad; Starlight",5.0,79990,2022,Unknown,256,16
"ASUS Vivobook 15,13th Gen,Intel Core i5-13420H(Intel UHD iGPU/16GB RAM/512GB SSD/FHD/15.6""/60Hz/Backlit Keyboard/Windows 11/M365 Basic (1Year)*/Office Home 2024/Quiet Blue/1.70 kg) X1502VA-BQ836WS",3.0,53990,ASUS,Unknown,512,16
"Dell Inspiron 5441 Laptop, Built-in AI Snapdragon X Plus X1P-42-100 8C Processor, 16GB, 512GB SSD, 14"" (35.56cm) 14"" FHD+ 300 Nits IPS Display, Backlit KB, Win 11+MSO'24, 15 Month McAfee, Gray, 1.53kg",,83880,Dell,Unknown,512,16
"Apple 2024 MacBook Pro Laptop with M4 chip with 10‑core CPU and 10‑core GPU: Built for Apple Intelligence, (14.2″) Liquid Retina XDR Display, 14GB Unified Memory, 1TB SSD Storage; Space Black",5.0,201990,Apple,Unknown,1,14
"AXL VayuBook Laptop 14.1 Inch FHD IPS Display (4GB Ram,128GB SSD) 1920 * 1080 Resolution | HD Gemini Lake N4020 | Windows 11 Home | UHD Graphics 600 (Cloud Silver)",3.3,12990,AXL,Unknown,128,4
"Apple 2025 MacBook Air (13-inch, Apple M4 chip with 10-core CPU and 8-core GPU, 16GB Unified Memory, 256GB) - Midnight",4.4,99900,Apple,Apple M4,256,16
"2022 Apple MacBook Air Laptop with M2 chip: 13.6-inch Liquid Retina Display, 16GB RAM, 256GB SSD Storage, Backlit Keyboard, 1080p FaceTime HD Camera. Works with iPhone and iPad; Midnight",4.7,76990,2022,Unknown,256,16
"Apple 2025 MacBook Air (15-inch, Apple M4 chip with 10-core CPU and 10-core GPU, 16GB Unified Memory, 256GB) - Midnight",5.0,124900,Apple,Apple M4,256,16
"2022 Apple MacBook Air Laptop with M2 chip: 13.6-inch Liquid Retina Display, 16GB RAM, 256GB SSD Storage, Backlit Keyboard, 1080p FaceTime HD Camera. Works with iPhone and iPad; Starlight",5.0,79990,2022,Unknown,256,16
"HP Victus Gaming Laptop, 12th Gen Intel Core i5-12450H, 4GB RTX 2050 GPU, 15.6-inch (39.6 cm), 50W TGP, FHD, IPS, 144Hz, 8GB DDR4, 512GB SSD, Backlit KB, B&O, Dual Speakers (Blue, 2.37 kg), fa1226TX",5.0,55990,HP,Unknown,512,4
"HP 15, 13th Gen Intel Core i5-1334U (16GB DDR4, 512GB SSD) Microsoft365* Office2024, Win11, 15.6inch(39.6cm) FHD Laptop, Intel Iris Xe, FHD Camera w/Privacy Shutter, Backlit, Silver, 1.59kg, fd0467tu",3.7,58990,HP,Unknown,512,16
"Apple 2025 MacBook Air (13-inch, Apple M4 chip with 10-core CPU and 8-core GPU, 16GB Unified Memory, 256GB) - Midnight",4.4,99900,Apple,Apple M4,256,16
"2022 Apple MacBook Air Laptop with M2 chip: 13.6-inch Liquid Retina Display, 16GB RAM, 256GB SSD Storage, Backlit Keyboard, 1080p FaceTime HD Camera. Works with iPhone and iPad; Midnight",4.7,76990,2022,Unknown,256,16
"Apple 2025 MacBook Air (15-inch, Apple M4 chip with 10-core CPU and 10-core GPU, 16GB Unified Memory, 256GB) - Midnight",5.0,124900,Apple,Apple M4,256,16
"2022 Apple MacBook Air Laptop with M2 chip: 13.6-inch Liquid Retina Display, 16GB RAM, 256GB SSD Storage, Backlit Keyboard, 1080p FaceTime HD Camera. Works with iPhone and iPad; Starlight",5.0,79990,2022,Unknown,256,16
"Lenovo IdeaPad Slim 5 12th Gen Intel Core i5 12450H 16"" (40.6cm) WUXGA IPS 300Nits Laptop (16GB/512GB SSD/Win 11/Office 2021/Backlit KB/FHD 1080p Camera/Alexa/3 Month Game Pass/Grey/1.8Kg), 83BG000DIN",5.0,57150,Lenovo,Unknown,512,16
"HP Victus, 12th Gen Intel Core i7-12650H,NVIDIA RTX 3050, 16GB DDR4, 512GB SSD (Win11, Office21, Blue,2.3kg) 144Hz, 9MS, IPS, 15.6-inch(39.6cm), Flicker-Free Gaming Laptop, Enhanced Cooling, fa1382TX",3.6,71990,HP,Unknown,512,16
"Apple 2025 MacBook Air (13-inch, Apple M4 chip with 10-core CPU and 8-core GPU, 16GB Unified Memory, 256GB) - Midnight",4.4,99900,Apple,Apple M4,256,16
"2022 Apple MacBook Air Laptop with M2 chip: 13.6-inch Liquid Retina Display, 16GB RAM, 256GB SSD Storage, Backlit Keyboard, 1080p FaceTime HD Camera. Works with iPhone and iPad; Midnight",4.7,76990,2022,Unknown,256,16
"Apple 2025 MacBook Air (15-inch, Apple M4 chip with 10-core CPU and 10-core GPU, 16GB Unified Memory, 256GB) - Midnight",5.0,124900,Apple,Apple M4,256,16
"2022 Apple MacBook Air Laptop with M2 chip: 13.6-inch Liquid Retina Display, 16GB RAM, 256GB SSD Storage, Backlit Keyboard, 1080p FaceTime HD Camera. Works with iPhone and iPad; Starlight",5.0,79990,2022,Unknown,256,16
"Apple 2024 MacBook Pro Laptop with M4 chip with 10‑core CPU and 10‑core GPU: Built for Apple Intelligence, (14.2″) Liquid Retina XDR Display, 14GB Unified Memory, 1TB SSD Storage; Space Black",5.0,201990,Apple,Unknown,1,14
"Lenovo IdeaPad Slim 3 Core i5 13420H (16GB RAM/512GB SSD/15.6"" (39.6cm)/Integrated Intel UHD Graphics/Windows 11/Office Home 2024/1 Year ADP Free/Grey/1.6Kg), 83EM00H0IN Laptop",4.5,57890,Lenovo,Unknown,512,16
"Apple 2025 MacBook Air (13-inch, Apple M4 chip with 10-core CPU and 8-core GPU, 16GB Unified Memory, 256GB) - Midnight",4.4,99900,Apple,Apple M4,256,16
"2022 Apple MacBook Air Laptop with M2 chip: 13.6-inch Liquid Retina Display, 16GB RAM, 256GB SSD Storage, Backlit Keyboard, 1080p FaceTime HD Camera. Works with iPhone and iPad; Midnight",4.7,76990,2022,Unknown,256,16
"Apple 2025 MacBook Air (15-inch, Apple M4 chip with 10-core CPU and 10-core GPU, 16GB Unified Memory, 256GB) - Midnight",5.0,124900,Apple,Apple M4,256,16
"2022 Apple MacBook Air Laptop with M2 chip: 13.6-inch Liquid Retina Display, 16GB RAM, 256GB SSD Storage, Backlit Keyboard, 1080p FaceTime HD Camera. Works with iPhone and iPad; Starlight",5.0,79990,2022,Unknown,256,16
"Dell Vostro 15 3520 Laptop - 15.6 inch (39.62cm) FHD Display, Intel Core i5-1235U, 8 GB RAM, 512 GB SSD, Titan Grey, 1.69Kg, Ideal for Business Users, Perfect for Productivity and Collaboration",3.8,48490,Dell,Unknown,0,0
"Acer ALG Intel Core i5-13th Gen 13420H Processor, NVIDIA GeForce RTX 3050-6GB DDR6(16 GB RAM/1 TB SSD) FHD, 15.6""/39.62cm,144Hz, Windows 11 Home, Steel Gray, 1.99kg, AL15G-53, Gaming Laptop",4.0,67999,Acer,Unknown,0,6
